ZoneNumber,xCoordinate,yCoordinate,ZoneName,External
101,310088.5674,5549454.338,Medicine Hat Flats Area,FALSE
102,310402.6475,5546070.048,Meadowlands Area,FALSE
103,304837.6559,5548611.55,Tower Estates Area,FALSE
104,307592.3706,5553857.447,Division Area,FALSE
105,301688.7307,5553166.603,Redcliff Town,FALSE
106,316504.3403,5546880.365,Cypress Without,FALSE
107,260676.0075,5528691.826,Bow Island Town,FALSE
108,277965.4788,5485812.047,Forty Mile Without,FALSE
201,156605.3647,5505053.039,Lethbridge Inner,FALSE
202,155980.1468,5506002.507,Buchanan Area,FALSE
203,156277.5206,5509042.864,Peenaquim Area,FALSE
204,159187.3538,5508026.861,Shackleford Sherring Area,FALSE
205,156632.0975,5504013.451,Henderson Lake Area,FALSE
206,159086.1237,5501510.478,Rollag Area,FALSE
207,152713.614,5500122.825,Shern Lake Area,FALSE
208,151494.7914,5504643.966,Lenzie Area,FALSE
209,149136.3551,5510245.293,Coalhurst Town,FALSE
210,171582.0218,5508541.554,Coaldale Town,FALSE
211,159252.3803,5524759.039,Picture Butte Town,FALSE
212,160677.5691,5522204.979,Lethbridge Without,FALSE
213,205318.8712,5517654.799,Taber Town,FALSE
214,206825.1687,5548164.291,Vauxhall Town,FALSE
215,210504.3463,5532361.681,Taber Without,FALSE
216,220034.9961,5604226.499,Brooks Inner,FALSE
217,219992.0768,5603767.108,Brooks Outer,FALSE
218,178345.4236,5627068.007,Bassano Town,FALSE
219,198191.433,5628532.877,Crawling Valley Area,FALSE
220,234034.0861,5590653.989,Lake Newell Area,FALSE
221,169736.3522,5479293.326,Raymond Town,FALSE
222,212484.8416,5446539.564,Milk River Town,FALSE
223,222034.8671,5430040.421,Coutts Village,FALSE
224,210024.925,5459305.648,Warner Without,FALSE
301,115263.4306,5506572.67,Fort Macleod Town,FALSE
302,107035.5436,5522996.209,Granum Town,FALSE
303,101187.7569,5539876.045,Claresholm Town,FALSE
304,97164.66962,5555291.055,Stavely Town,FALSE
305,87063.92813,5575772.529,Nanton Town,FALSE
306,97964.82782,5535315.846,Willow Creek Without,FALSE
307,76544.13277,5480377.972,Pincher Creek Town,FALSE
308,65907.32492,5477111.637,Pincher Creek Without,FALSE
309,123062.2897,5448036.088,Cardston Town,FALSE
310,154659.4435,5473704.8,Magrath Town,FALSE
311,139031.0252,5448507.551,Cardston Without,FALSE
312,77873.25583,5434882.394,Waterton Park,FALSE
401,334644.2095,5669433.99,Acadia,FALSE
402,314279.3505,5695738.13,Oyen Town,FALSE
403,212552.4186,5723509.877,Hanna Town,FALSE
404,273453.8009,5704167.074,Special Areas Without,FALSE
501,156350.2839,5701839.734,Drumheller Town,FALSE
502,166601.902,5694884.15,Drumheller Valley,FALSE
503,169175.5593,5725853.952,Starland County,FALSE
504,121980.3109,5741002.656,Trochu Town,FALSE
505,119663.0506,5727023.852,Three Hills Town,FALSE
506,120094.4419,5722861.416,Kneehill Without,FALSE
507,103374.3396,5654437.85,Cheadle Area,FALSE
508,109104.934,5640000.744,Carseland Area,FALSE
509,119323.7628,5654908.628,Eagle Lake Area,FALSE
510,112345.2854,5654138.882,Strathmore Town,FALSE
511,106112.4611,5664003.986,Bruce Lake Area,FALSE
512,127956.6447,5676780.597,Rockyford Area,FALSE
513,163737.9939,5663312.865,Hussar Area,FALSE
514,135893.6403,5647522.572,Gleichen Area,FALSE
515,122980.1881,5582474.128,Vulcan Town,FALSE
516,144129.1901,5587070.412,Vulcan Without,FALSE
601,60871.85855,5735833.609,Olds Town,FALSE
602,24633.86126,5736776.922,Sundre Town,FALSE
603,59591.33006,5721193.85,Didsbury Town,FALSE
604,62695.74844,5710263.703,Carstairs Town,FALSE
605,36124.51541,5708073.491,Cremona Village,FALSE
606,50719.06209,5724337.978,Mountain View Without,FALSE
607,69844.87492,5680224.958,Airdrie Inner,FALSE
608,72222.16934,5681410.212,East Lake,FALSE
609,72076.91028,5677190.05,Kingsview,FALSE
610,67179.67902,5676483.02,Coopers Crossing,FALSE
611,66744.5031,5681515.985,Woodside,FALSE
612,61626.84572,5681565.626,Fortna,FALSE
613,72741.20507,5686583.315,Croxford,FALSE
614,67072.04092,5695377.797,Crossfield Town,FALSE
615,72158.96198,5692754.297,Kersey,FALSE
616,97358.57252,5684445.962,Irricana Town,FALSE
617,98521.8505,5687828.744,Beiseker Area,FALSE
618,94010.76462,5670191.072,Keoma Area,FALSE
619,90557.29994,5653253.593,Norfolk Area,FALSE
620,91872.72595,5644028.803,Langdon Area,FALSE
621,90252.19562,5633338.521,Dalemead Area,FALSE
622,83564.22941,5640363.688,Indus Area,FALSE
623,83098.52508,5646075.479,Bennett Area,FALSE
624,77785.83338,5643169.627,Shepard Area,FALSE
625,78126.42854,5647956.081,Janet Area,FALSE
626,82404.14937,5651923.594,Chestermere City,FALSE
627,83042.41713,5656836.061,McElroy Area,FALSE
628,77846.9403,5656832.082,Conrich Area,FALSE
629,80993.65194,5662122.589,Delacour Area,FALSE
630,80471.66374,5672024.048,Benaman Slough Area,FALSE
631,73083.57542,5672186.754,MacDonald Lake,FALSE
632,70635.83612,5669694.443,Crossiron Mills,FALSE
633,67164.79088,5669650.285,Wet Creek Area,FALSE
634,67988.0807,5673188.546,Balzac Area,FALSE
635,59913.50323,5672381.443,Golden Key Area,FALSE
636,51308.52021,5669158.52,Bearspaw North Area,FALSE
637,49511.87469,5685664.045,Madden Area,FALSE
638,29804.48135,5684350.373,Bottrel Area,FALSE
639,37100.65477,5673043.862,Camden Area,FALSE
640,37094.79488,5668290.955,Cochrane Town,FALSE
641,43931.62853,5670048.995,Big Hill Springs Area,FALSE
642,48986.81138,5664018.996,Bearspaw South Area,FALSE
643,51942.77581,5660006.032,Valley Ridge Area,FALSE
644,44773.95909,5660689.293,Springbank Airport Area,FALSE
645,46319.5505,5652776.163,Calaway Park Area,FALSE
646,30364.81661,5656501.764,Jumping Pound Area,FALSE
647,27321.4575,5641171.67,Bragg Creek Area,FALSE
648,55659.90643,5633548.003,Lloyd Lake Area,FALSE
649,45009.15607,5624019.716,Foothills West Without,FALSE
650,54256.16928,5613122.827,Black Diamond Town,FALSE
651,51265.60701,5611088.489,Turner Valley Town,FALSE
652,62668.85208,5591858.747,Longview Area,FALSE
653,79895.94679,5601834.443,High River Town,FALSE
654,77595.14448,5605591.031,Cargill Area,FALSE
655,95615.23428,5614030.399,Blackie Area,FALSE
656,73042.82849,5614865.658,Aldersyde Area,FALSE
657,72973.88643,5617397.558,Okotoks Town,FALSE
658,72815.85187,5624822.195,Eagle Bend Area,FALSE
659,68017.14134,5628477.32,De Winton Area,FALSE
660,74451.56437,5628936.768,Carnmoney Area,FALSE
701,155227.8401,5796944.25,Stettler Town,FALSE
702,165781.0471,5786039.303,Stettler Without,FALSE
703,184117.8055,5858693.779,Daysland Town,FALSE
704,212124.7944,5851505.697,Killam Town,FALSE
705,222953.6464,5850320.614,Sedgewick Town,FALSE
706,249041.3296,5839667.357,Hardisty Town,FALSE
707,214919.768,5840097.866,Flagstaff Without,FALSE
708,279293.6477,5860078.272,Wainwright Town,FALSE
709,288941.9733,5859040.134,Wainwright Without,FALSE
710,322720.5793,5808675.623,Provost Town,FALSE
711,297959.1054,5812014.757,Provost Without,FALSE
712,243457.1236,5774994.874,Coronation Town,FALSE
713,211135.3687,5787462.014,Castor Town,FALSE
714,224939.8695,5787414.069,Paintearth Without,FALSE
801,81063.87808,5788857.365,Red Deer Inner,FALSE
802,81066.75507,5792239.956,Normandeau,FALSE
803,84966.24358,5790194.511,Gaetz Lakes,FALSE
804,83348.30334,5786506.112,Anders,FALSE
805,79764.21662,5787862.611,Red Deer College,FALSE
806,79505.90864,5794759.023,Labuma,FALSE
807,77130.33735,5774459.973,Penhold Town,FALSE
808,71523.63919,5762435.083,Innisfail Town,FALSE
809,66863.78022,5751562.53,Bowden Town,FALSE
810,61728.8873,5792699.912,Sylvan Lake Town,FALSE
811,113373.2776,5771894.603,Red Deer East Without,FALSE
812,77407.91853,5767522.517,Red Deer Central Without,FALSE
813,52847.01913,5773835.772,Red Deer West Without,FALSE
814,86414.57175,5811984.231,Lacombe City,FALSE
815,82738.1822,5802413.974,Blackfalds Town,FALSE
816,64669.13958,5811183.019,Bentley Town,FALSE
817,42877.39686,5799173.284,Eckville Town,FALSE
818,86660.13078,5808448.973,Lacombe Without,FALSE
819,95083.97801,5834603.275,Ponoka Town,FALSE
820,51744.48396,5830011.09,Rimbey Town,FALSE
821,72127.78336,5837973.257,Ponoka Without,FALSE
901,5588.180587,5800558.821,Rocky Mountain House Town,FALSE
902,8792.738507,5810708.162,Clearwater East Without,FALSE
903,-62332.74687,5787313.926,Clearwater West Without,FALSE
1001,144993.5884,5873562.05,Camrose Inner Area,FALSE
1002,145505.5509,5872895.11,Camrose Outer Area,FALSE
1003,137579.9935,5825852.995,Bashaw Town,FALSE
1004,150531.0715,5862888.753,Camrose Without,FALSE
1005,154748.7646,5914009.287,Tofield Town,FALSE
1006,216567.4665,5885641.909,Viking Town,FALSE
1007,213196.6644,5888868.8,Beaver East Without,FALSE
1008,165509.1219,5907606.269,Beaver West Without,FALSE
1009,141369.1022,5939647.147,Elk Island Park,FALSE
1010,136164.545,5961359.369,Bruderheim Town,FALSE
1011,146819.1094,5956583.885,Lamont Town,FALSE
1012,156083.3835,5949017.563,Chipman Village,FALSE
1013,175546.9958,5938677.571,Mundare Town,FALSE
1014,162889.0543,5958597.737,Lamont Without,FALSE
1015,214775.8108,5954004.237,Two Hills Town,FALSE
1016,226955.6075,5955078.023,Two Hills Without,FALSE
1017,194553.7642,5929399.84,Vegreville Town,FALSE
1018,227035.7153,5919858.816,Minburn Without,FALSE
1019,276053.5517,5917379.762,Vermilion Town,FALSE
1020,302218.8842,5921021.045,Vermilion River Without,FALSE
1021,330790.0908,5912597.485,Lloydminster City,FALSE
1101,108811.4068,5867618.643,Wetaskiwin Inner,FALSE
1102,108851.2,5868061.893,Wetaskiwin Outer,FALSE
1103,101699.1104,5880856.666,Millet Town,FALSE
1104,97830.89462,5868306.725,Wetaskiwin East Without,FALSE
1105,30646.16979,5865187.275,Wetaskiwin West Without,FALSE
1106,1457.15883,5894043.371,Drayton Valley Town,FALSE
1107,-8607.311901,5886737.929,Brazeau Without,FALSE
1108,96462.3678,5900607.07,Leduc Inner Area,FALSE
1109,98562.17703,5902078.425,Leduc Industrial Area,FALSE
1110,97885.70025,5898567.032,Telford Area,FALSE
1111,94270.61267,5899108.766,Windrose Area,FALSE
1112,94376.91058,5901181.57,Bridgeport Area,FALSE
1113,105426.3222,5910268.146,Beaumont Town,FALSE
1114,84767.87096,5909904.406,Devon Town,FALSE
1115,79534.74399,5899912.553,Calmar Town,FALSE
1116,63494.76092,5895825.977,Thorsby Village,FALSE
1117,45507.52398,5890467.515,Warburg Village,FALSE
1118,50051.41957,5895463.391,Leduc West Without,FALSE
1119,88054.9718,5892355.013,Leduc East Without,FALSE
1120,84935.6149,5904775.783,Leduc Number One Area,FALSE
1121,93527.56204,5904898.569,Edmonton Airport,FALSE
1122,96452.36755,5896487.868,Ireton Area,FALSE
1123,104025.9489,5903355.16,Saunders Lake Area,FALSE
1124,118721.7065,5903439.434,New Sarepta Area,FALSE
1125,105558.9568,5912065.522,Beaumont Cawes Lake Area,FALSE
1126,98353.73795,5910699.293,Nisku Area,FALSE
1127,91674.05822,5911480.388,Rabbit Hill Area,FALSE
1128,74208.73156,5932427.973,Spruce Grove City East,FALSE
1129,71312.37457,5930925.273,Spruce Grove City West,FALSE
1130,66109.94715,5928353.261,Stony Plain Inner,FALSE
1131,67062.41961,5927736.813,Westerra Area,FALSE
1132,66056.99797,5930702.614,Meridian Area,FALSE
1133,72998.52658,5924737.538,Poplar Grove Area,FALSE
1134,80753.90978,5932098.381,Acheson Area,FALSE
1135,84363.35631,5916761.442,Devonian Gardens Area,FALSE
1136,73470.04607,5914854.305,Golden Spike Area,FALSE
1137,26420.46799,5923001.199,Parkland Without,FALSE
1138,33588.92549,5932652.957,Wabamun Area,FALSE
1139,58646.63097,5928323.237,Beach Corner Area,FALSE
1140,63548.74385,5939184.855,Chicakoo Lake Area,FALSE
1141,71044.73553,5936449.85,Muir Lake Area,FALSE
1142,73933.13429,5950914.003,Riviere Qui Barre Area,FALSE
1143,82699.62359,5947153.243,Villeneuve Area,FALSE
1144,82865.87175,5939931.774,Sandpiper Area,FALSE
1145,89875.53357,5939713.278,Grandin Area,FALSE
1146,92702.90696,5941969.019,Braeside Area,FALSE
1147,89471.43204,5942891.512,St Albert Inner,FALSE
1148,87277.24832,5942218.048,Deer Ridge Area,FALSE
1149,90606.86546,5944880.546,Erin Ridge Area,FALSE
1150,89860.74299,5947981.962,Sturgeon Ridges Areas,FALSE
1151,95183.36517,5946045.259,Sturgeon Valley Area,FALSE
1152,100596.6353,5945713.773,Lancaster Park Area,FALSE
1153,98376.13568,5955590.372,Carbondale Area,FALSE
1154,89661.45324,5959509.372,Morinville Town,FALSE
1155,99005.33873,5972180.766,Sturgeon North Without,FALSE
1156,92383.48281,5976455.263,Legal Town,FALSE
1157,104770.3863,5964427.986,Bon Accord Town,FALSE
1158,123370.3704,5977502.104,Redwater Town,FALSE
1159,109868.7531,5962760.263,Gibbons Town,FALSE
1160,114262.0433,5955898.588,Lamoureux Area,FALSE
1161,120830.5635,5964750.358,Amelia Area,FALSE
1162,121209.2418,5953445.071,Clover Park Area,FALSE
1163,116510.9589,5947765.948,Fort Saskatchewan Inner,FALSE
1164,121652.6079,5945508.487,Partridge Hill Area,FALSE
1165,131410.815,5955001.522,Astotin Area,FALSE
1166,129116.8636,5935482.633,Lindale Area,FALSE
1167,117158.0228,5938472.222,Bremner Area,FALSE
1168,119253.2536,5931142.135,Boag Lake Area,FALSE
1169,113220.4732,5932117.221,Sherwood Park,FALSE
1170,108098.4875,5931277.847,Refinery Row,FALSE
1171,113488.7396,5927268.464,Whitecroft Area,FALSE
1172,113444.3786,5921664.111,Bretona Area,FALSE
1173,113279.769,5915603.708,Looma Area,FALSE
1174,121861.9438,5923836.217,Twin Island Lake Area,FALSE
1175,121327.9654,5915020.43,McFadden Lake Area,FALSE
1176,133635.5822,5919335.937,Cooking Lakes Area,FALSE
1201,308190.9285,6038464.638,Cold Lake City,FALSE
1202,276849.0544,6019086.161,Bonnyville Town,FALSE
1203,278564.6886,6036835.541,Bonnyville Without,FALSE
1204,250901.5813,5990074.458,St Paul Without,FALSE
1205,269071.6961,5977825.45,Elk Point Town,FALSE
1206,243075.4601,5986392.257,St Paul Town,FALSE
1207,178807.294,6003699.48,Smoky Lake Without,FALSE
1208,165336.2659,5996546.884,Smoky Lake Town,FALSE
1209,220619.5957,6119014.238,Lac La Biche Area,FALSE
1301,53440.50278,5948719.61,Onoway Town,FALSE
1302,-8942.981635,5975644.216,Mayerthorpe Town,FALSE
1303,19041.67935,5964494.471,Lac Ste Anne Without,FALSE
1304,-43003.22117,5996345.545,Whitecourt Town,FALSE
1305,-24940.81421,6017885.731,Woodlands Without,FALSE
1306,38866.85276,5995320.664,Barrhead Town,FALSE
1307,31868.61548,5998245.627,Barrhead Without,FALSE
1308,75431.09863,5999065.92,Westlock Town,FALSE
1309,74364.73079,6011577.998,Westlock Without,FALSE
1310,129351.1468,6009216.264,Thorhild County,FALSE
1311,110784.0799,6062307.254,Athabasca Town,FALSE
1312,130038.4555,6074528.675,Athabasca Without,FALSE
1401,-113573.7187,5921992.635,Yellowhead Without,FALSE
1402,-95821.1814,5935800.361,Edson Town,FALSE
1403,-171525.9884,5917050.968,Hinton Town,FALSE
1404,-276587.5682,5950378.918,Willmore Wilderness,FALSE
1501,35124.21318,5491558.09,Crowsnest Pass,FALSE
1502,46266.19393,5535686.363,Ranchland District,FALSE
1503,10700.15644,5610371.696,Kananiskis Without,FALSE
1504,-16002.90731,5647168.308,Windtower,FALSE
1505,-12394.14746,5654367.43,Exshaw Area,FALSE
1506,-21307.89251,5652046.976,Three Sisters,FALSE
1507,-26942.67236,5659116.532,Canmore West,FALSE
1508,-24786.21163,5657431.524,Canmore Inner,FALSE
1509,-23618.96856,5658631.8,Canmore East,FALSE
1510,-5680.794905,5691906.268,Bighorn Without,FALSE
1511,-26749.30667,5661364.345,Harvie Heights,FALSE
1512,-39668.3998,5667339.388,Banff Townsite,FALSE
1513,-77511.30965,5708502.51,Banff Park,FALSE
1514,-210471.6871,5863545.004,Jasper Townsite,FALSE
1515,-199320.3373,5856984.228,Jasper Park,FALSE
1601,221395.5681,6290913.801,Snye Area,FALSE
1602,223049.0822,6289127.725,Franklin Area,FALSE
1603,221805.1253,6288043.352,Arsenault Area,FALSE
1604,224296.6935,6285119.342,Gregoire Area,FALSE
1605,230586.0279,6284713.163,Draper Road Area,FALSE
1606,231150.3887,6281610.996,Fort McMurray Airport,FALSE
1607,226239.0181,6281842.743,Keyano Area,FALSE
1608,224543.1115,6278897.2,Hangingstone Area,FALSE
1609,218223.6148,6282035.287,Upper Horse Area,FALSE
1610,220755.5378,6285666.409,Lower Horse Area,FALSE
1611,217678.0806,6290072.216,Thickwood Area,FALSE
1612,217027.4836,6293054.129,Timberlea Area,FALSE
1613,218747.5074,6295537.836,Taiga Nova Area,FALSE
1614,214525.9731,6296558.984,Parsons Creek Area,FALSE
1615,212992.6639,6293624.259,Tower Road Area,FALSE
1616,214080.3596,6289912.161,Abrahams Land,FALSE
1617,222822.7464,6293798.72,Miller Creek Area,FALSE
1618,228817.2883,6289275.19,Forest Heights Area,FALSE
1619,235798.2711,6283125.475,Saprae Creek Area,FALSE
1620,229586.2665,6224870.888,Surmount Area,FALSE
1621,274785.2837,6185464.313,Wood Buffalo Without South,FALSE
1622,220783.5802,6295477.24,Wood Buffalo Without East,FALSE
1623,136980.3612,6395144.407,Wood Buffalo Without West,FALSE
1624,246526.2557,6513992.318,Wood Buffalo Without North,FALSE
1625,114037.3813,6551119.551,Wood Buffalo Park,FALSE
1701,76335.84599,6247398.882,Opportunity County,FALSE
1702,43043.96441,6117863.182,Lesser Slave River Without,FALSE
1703,14381.89082,6122985.682,Slave Lake Town,FALSE
1704,-57941.12946,6116656.843,Big Lakes Without,FALSE
1705,-25681.02033,6060680.024,Swan Hills Town,FALSE
1706,-94275.61951,6141836.813,High Prairie Town,FALSE
1707,-67646.77504,6273933.754,Northern Sunrise County,FALSE
1708,-108652.331,6514236.084,Mackenzie Without,FALSE
1709,-124738.5189,6484977.668,High Level Town,FALSE
1710,-256257.5461,6490319.693,Rainbow Lake Town,FALSE
1711,-197298.6408,6360518.389,Northern Lights Without,FALSE
1712,-159697.3428,6309668.891,Manning Town,FALSE
1713,-243959.5205,6249103.987,Lake George Area,FALSE
1714,-249242.2537,6315464.511,Chinchaga Area,FALSE
1801,-199743.1459,6049395.242,Greenview Without,FALSE
1802,-116717.949,6027546.155,Fox Creek Town,FALSE
1803,-145279.2107,6101777.522,Valleyview Town,FALSE
1804,-270763.2095,5975393.754,Grande Cache Town,FALSE
1901,-241321.8553,6117993.482,Grande Prairie Inner,FALSE
1902,-241077.4157,6117784.953,Muskoseepi Park Area,FALSE
1903,-239850.3132,6120246.899,Crystal Lake Area,FALSE
1904,-241109.2814,6114423.352,Bear Creek Area,FALSE
1905,-245013.7529,6118619.925,Brochu Area,FALSE
1906,-240013.1513,6125008.471,Clairmont Dimsdale Area,FALSE
1907,-239681.6367,6137577.229,Sexsmith Town,FALSE
1908,-263649.446,6117578.956,Wembley Town,FALSE
1909,-281326.5724,6124579.736,Beaverlodge Town,FALSE
1910,-288946.8071,6138322.771,Hythe Village,FALSE
1911,-270689.1932,6127727.574,Grande Prarie Without,FALSE
1912,-274606.0569,6195432.046,Saddle Hills County,FALSE
1913,-232412.1148,6184037.331,Spirit River Without,FALSE
1914,-240485.5799,6185840.443,Spirit River Town,FALSE
1915,-212746.3817,6213282.911,Fairview Without,FALSE
1916,-210324.8842,6216664.512,Fairview Town,FALSE
1917,-170507.0058,6221295.788,Peace Without,FALSE
1918,-161881.8366,6227917.792,Grimshaw Town,FALSE
1919,-143537.7255,6231576.368,Peace River Town,FALSE
1920,-190943.1956,6180602.391,Birch Hills County,FALSE
1921,-138903.1809,6166525.228,Smoky River Without,FALSE
1922,-137966.3564,6176137.805,Falher Town,FALSE
1923,-119552.8852,6172731.356,McLennan Town,FALSE
2101,65300.39369,5653215.14,Calgary CBD,FALSE
2102,64280.54227,5653227.583,Calgary CBD West,FALSE
2103,65052.02673,5653864.481,Princes Island Area,FALSE
2104,66272.81732,5653194.67,East Village,FALSE
2105,66207.31294,5652291.882,Stampede Area,FALSE
2106,64432.08341,5652539.526,Beltline Area,FALSE
2107,64631.66793,5651113.685,Mount Royal Area,FALSE
2108,62711.67944,5651849.431,Bankview Area,FALSE
2109,61621.44643,5654598.226,Point McKay Area,FALSE
2110,66290.34543,5654310.369,Crecent Heights Area,FALSE
2111,68285.03612,5651363.429,Inglewood Area,FALSE
2112,67557.82692,5649846.344,Highfield Area,FALSE
2113,66457.74691,5648259.802,Manchester Area,FALSE
2114,63553.32252,5649664.125,Altadore Area,FALSE
2115,62964.82823,5647209.076,Chinook Area,FALSE
2116,61309.14407,5648333.283,Lakeview Area,FALSE
2117,60633.31788,5652068.214,Westbrook Area,FALSE
2118,58157.59801,5654014.084,Edworthy Park Area,FALSE
2119,58198.47669,5657571.27,Varsity Area,FALSE
2120,60521.87429,5656496.975,University of Calgary Campus,FALSE
2121,61477.40037,5657589.224,Triwood Area,FALSE
2122,65593.4675,5656931.647,Highland Tuxedo Area,FALSE
2123,69613.60019,5656033.125,Mayland Vista Area,FALSE
2124,71393.56924,5651326.87,Dover Area,FALSE
2125,70696.07288,5647701.198,Foothills Industrial West,FALSE
2126,71749.38494,5643530.046,Eastlake Industrial,FALSE
2127,70456.50722,5641562.031,Douglasdale Area,FALSE
2128,69068.07162,5644480.873,Quarry Park Area,FALSE
2129,65887.04148,5644787.45,Southland Area,FALSE
2130,61113.08151,5645361.839,Palliser Area,FALSE
2131,53439.2904,5650712.614,Pinebrook Area,FALSE
2132,58452.7736,5650340.773,Signal Hill Area,FALSE
2133,55612.79075,5651870.36,Elbow Springs Area,FALSE
2134,55670.52649,5655348.749,Aspen Woods Area,FALSE
2135,52487.40954,5655960.96,Burnco Area,FALSE
2136,55485.35538,5659344.559,Siver Springs Area,FALSE
2137,54051.25878,5665239.353,Rocky Ridge Area,FALSE
2138,56843.69391,5662546.798,Rocky Ridge Area,FALSE
2139,58900.57656,5660061.956,Dalhousie Area,FALSE
2140,59703.55383,5662695.989,Edgemount Area,FALSE
2141,57913.38835,5667275.843,Spyhill Area,FALSE
2142,62316.52736,5663750.32,Hidden Valley Area,FALSE
2143,63309.50358,5660955.614,Huntington Hills Area,FALSE
2144,65130.28324,5659310.94,Thorncliffe Area,FALSE
2145,69634.64726,5662427.998,Calgary Airport Area,FALSE
2146,65917.83383,5665289.248,Country Hills Area,FALSE
2147,62452.7227,5669217.157,Evanston Area,FALSE
2148,73878.47644,5665591.389,Redstone Area,FALSE
2149,73704.50148,5661070.57,Saddletowne Area,FALSE
2150,72928.46075,5657140.13,Rundle Area,FALSE
2151,75280.76683,5657106.6,Monterey Park Area,FALSE
2152,77644.48398,5653601.826,Hart Estates Area,FALSE
2153,73361.60705,5653903.015,Marlborough Area,FALSE
2154,74214.25799,5651051.672,Elliston Lake Area,FALSE
2155,77708.73011,5651143.61,Garden Road Area,FALSE
2156,74469.43435,5647792.463,Foothills Industrial East,FALSE
2157,74342.03687,5643021.593,Dufferin Area,FALSE
2158,77778.38359,5638942.83,Marquis Area,FALSE
2159,73482.2411,5638903.244,New Brighton Area,FALSE
2160,77381.49562,5635005.095,Mahogany Area,FALSE
2161,72921.09431,5634176.424,Seton Area,FALSE
2162,69801.98602,5632458.787,Legacy Area,FALSE
2163,71262.00742,5638518.735,McKenzie Lake Area,FALSE
2164,68780.30613,5640337.98,Bow Bottom Area,FALSE
2165,65229.27328,5641274.322,Canyon Meadows Area,FALSE
2166,68440.97639,5638288.098,Fish Creek Park Portion,FALSE
2167,65546.87518,5637860.675,Shawnessy Area,FALSE
2168,61904.09688,5641641.797,Canyon Meadows Area,FALSE
2169,58456.84884,5637503.944,Providence Area,FALSE
2170,62406.02716,5638112.427,Bridlewood Area,FALSE
2171,63625.97521,5632149.478,Tournament Area,FALSE
2172,65887.29903,5633476.068,Silverado Area,FALSE
2201,99777.45188,5931400,Edmonton CBD,FALSE
2202,98931.30993,5931233.289,Corona Area,FALSE
2203,99513.00972,5930307.176,Rossdale Area,FALSE
2204,97549.05115,5931795.148,Oliver Area,FALSE
2205,99938.75838,5932515.73,McCauley Area,FALSE
2206,101103.9472,5931856.691,Riverdale Area,FALSE
2207,99343.70042,5929152.842,Strathcona Area,FALSE
2208,96913.03508,5929533.364,University of Alberta Area,FALSE
2209,93958.98271,5928501.508,Jasper Place Area,FALSE
2210,94075.83025,5931411.113,Glenora Area,FALSE
2211,93405.27209,5934207.676,High Park Area,FALSE
2212,96100.66067,5934388.874,Dovercourt Area,FALSE
2213,98504.26988,5934561.353,Kingsway Area,FALSE
2214,101028.9251,5934833.012,Parkdale Area,FALSE
2215,103176.0546,5934290.537,Highlands Area,FALSE
2216,102145.1979,5931557.134,Forest Heights Area,FALSE
2217,101930.5703,5928951.852,Bonnie Doon Area,FALSE
2218,104435.3501,5930739.139,Capilano Area,FALSE
2219,106575.5985,5926788.69,Eastgate Area,FALSE
2220,101513.5339,5926489.847,Hazeldean Area,FALSE
2221,97899.14663,5926404.586,Parkallen Area,FALSE
2222,93944.40584,5924249.024,Riverbend Area,FALSE
2223,94754.24442,5920723.28,Terwillegar Towne,FALSE
2224,97911.43846,5922236.41,Duggan Area,FALSE
2225,100963.763,5922930.256,Parsons Area,FALSE
2226,100914.1866,5920615.924,South Edmonton Common,FALSE
2227,103115.9352,5922802.276,Tipaskan Area,FALSE
2228,103872.9072,5922165.544,Mill Woods Town Centre,FALSE
2229,105500.9806,5922169.498,Minchau Area,FALSE
2230,108034.1121,5922676.099,Tamarack Area,FALSE
2231,106678.7889,5917190.048,Rainer Gardens Area,FALSE
2232,101565.7336,5917073.095,Ellerslie Area,FALSE
2233,96836.42629,5916700.237,Heritage Valley Area,FALSE
2234,91699.41114,5917769.49,Windermere Area,FALSE
2235,88519.16887,5920215.745,Woodbend Area,FALSE
2236,91128.22246,5925548.46,Callingwood Area,FALSE
2237,87189.70311,5928192.065,Lewis Estates Area,FALSE
2238,90539.52428,5929364.318,Summerlea Area,FALSE
2239,90570.39407,5932654.32,Sunwapta Area,FALSE
2240,86852.07787,5932539.881,Westview Area,FALSE
2241,87064.16207,5935736.499,Trumpeter Area,FALSE
2242,90771.15686,5935538.277,Kinokamau Plains Area,FALSE
2243,93141.64558,5937064.713,Mistatim Area,FALSE
2244,97236.28909,5936782.817,Calder Area,FALSE
2245,94841.60294,5938756.82,Cumberland Rampart Area,FALSE
2246,98028.29924,5938485.815,Griesbach Baranow Area,FALSE
2247,97280.03868,5941074.753,Rapperswill Area,FALSE
2248,102546.9364,5941018.921,Eaux Claires Area,FALSE
2249,102231.9493,5937880.174,Belvedere Killarney Area,FALSE
2250,106109.1462,5936474.997,Hermitage Area,FALSE
2251,106043.1523,5934296.104,Beverly Area,FALSE
2252,110478.4079,5936613.74,Clover Bar Area,FALSE
2253,106660.2063,5939134.642,Clareview Area,FALSE
2254,109849.2531,5941940.584,Evergreen Area,FALSE
2255,105858.8159,5944468.853,Valour Avenue Area,FALSE
2256,111433.0954,5945894.081,Horse Hill Area,FALSE
2257,109717.3371,5948650.555,Northstar Area,FALSE
2258,105626.8379,5948295.354,Duagh Area,FALSE
2301,121341.4517,5481330.926,Waterton Reservations,FALSE
2302,91520.21769,5642165.03,Bow Reservations,FALSE
2303,34466.09058,5646307.28,Redwood Meadows,FALSE
2304,58486.45622,5645136.991,Tsuu Tina Reservation East,FALSE
2305,43042.03735,5643938.309,Tsuu Tina Reservation West,FALSE
2306,100376.7465,5852469.807,Wetaskiwin Reservations,FALSE
2307,-49257.08711,5842027.279,Brazeau Reservations,FALSE
2308,46555.53577,5947302.387,Wabamun Reservations,FALSE
2309,84909.56713,5925211.676,Enoch Reservation East,FALSE
2310,81554.89199,5923803.949,Enoch Reservation West,FALSE
2311,-69145.17381,6009310.777,Whitecourt Reservations,FALSE
2312,261069.738,6006796.739,Cold Lake Reservations,FALSE
2313,220805.4128,6463842.199,Wood Buffalo Reservations,FALSE
2314,-48799.9749,6193346.259,South Peace Reservations,FALSE
2315,-84628.8207,6484589.075,North Peace Reservations,FALSE
2321,-147266.1046,6420589.335,Paddle Prairie Metis,FALSE
2322,-67079.68874,6177486.875,Slave Lake Metis,FALSE
2323,177654.5398,6036406.78,Smoky Lake Metis,FALSE
2324,318046.9871,5996690.094,Bonnyville Metis,FALSE
3333,75858.39094,5924757.06,Calgary Ring Road,FALSE
4444,85560.5418,5803594.611,Edmonton Ring Road,FALSE
2,-585368.405,5486631.757,British Columbia,TRUE
3,-1105963.9,6925101.766,Yukon,TRUE
4,53877.535,6916436.284,NWT and Nunavut,TRUE
5,541810.828,5805921.439,Saskatchewan,TRUE
6,1251047.199,5704601.958,Manitoba,TRUE
7,2861493.696,5515294.505,Eastern Canada,TRUE
8,1365698.191,4398113.905,International,TRUE